<?xml version="1.0" encoding="UTF-8"?>
<project-private xmlns="http://www.netbeans.org/ns/project-private/1">
    <editor-bookmarks xmlns="http://www.netbeans.org/ns/editor-bookmarks/2" lastBookmarkId="0"/>
    <open-files xmlns="http://www.netbeans.org/ns/projectui-open-files/2">
        <group>
            <file>file:/C:/Users/yoel/Dropbox/TERCERO/IPO/PracticaParteIIinterfazGrafica/PRACTICA%20AIS%20QUE%20DOLOR%20xD/src/practica/ais/que/dolor/xd/PrincipalJFrame.java</file>
            <file>file:/C:/Users/yoel/Dropbox/TERCERO/IPO/PracticaParteIIinterfazGrafica/PRACTICA%20AIS%20QUE%20DOLOR%20xD/src/practica/ais/que/dolor/xd/Agenda.java</file>
            <file>file:/C:/Users/yoel/Dropbox/TERCERO/IPO/PracticaParteIIinterfazGrafica/PRACTICA%20AIS%20QUE%20DOLOR%20xD/src/practica/ais/que/dolor/xd/Contacto.java</file>
            <file>file:/C:/Users/yoel/Dropbox/TERCERO/IPO/PracticaParteIIinterfazGrafica/PRACTICA%20AIS%20QUE%20DOLOR%20xD/src/practica/ais/que/dolor/xd/AgregarContactoJDialog.java</file>
            <file>file:/C:/Users/yoel/Dropbox/TERCERO/IPO/PracticaParteIIinterfazGrafica/PRACTICA%20AIS%20QUE%20DOLOR%20xD/test/practica/ais/que/dolor/xd/AgendaTest.java</file>
            <file>file:/C:/Users/yoel/Dropbox/TERCERO/IPO/PracticaParteIIinterfazGrafica/PRACTICA%20AIS%20QUE%20DOLOR%20xD/test/practica/ais/que/dolor/xd/ContactoTest.java</file>
        </group>
    </open-files>
</project-private>
